No.,City,Latitude,Longitude,Country
1,Kandahar,31d37lN,65d43lE, Afghanistan
2,Kabul,34d32lN,69d10lE, Afghanistan
3,Tirana,41d20lN,19d49lE, Albania
4,Tiaret,35d22lN,1d19lE, Algeria
5,Algiers,36d46lN,3d13lE, Algeria
6,Andorra la Vella,42d30lN,1d30lE, Andorra
7,Huambo,12d46lS,15d44lE, Angola
8,Luanda,8d50lS,13d14lE, Angola
9,St. John's,17d07lN,61d51lW, Antigua and Barbuda
10,Salta,24d47lS,65d25lW, Argentina
11,San Miguel de Tucumán,26d49lS,65d13lW, Argentina
12,Córdoba,31d25lS,64d11lW, Argentina
13,Mendoza,32d53lS,68d49lW, Argentina
14,Rosario,32d57lS,60d40lW, Argentina
15, Buenos Aires,34d36lS,58d23lW, Argentina
16,Bahía Blanca,38d43lS,62d16lW, Argentina
17,San Carlos de Bariloche,41d09lS,71d18lW, Argentina
18,Trelew,43d15lS,65d18lW, Argentina
19,Comodoro Rivadavia,45d52lS,67d29lW, Argentina
20,Río Gallegos,51d38lS,69d13lW, Argentina
21,Ushuaia,54d48lS,68d18lW, Argentina
22,Yerevan,40d11lN,44d31lE, Armenia
23,Darwin,12d27lS,130d50lE, Australia
24,Cairns,16d56lS,145d47lE, Australia
25,Townsville,19d15lS,146d49lE, Australia
26,Port Hedland,20d19lS,118d36lE, Australia
27,Rockhampton,23d23lS,150d31lE, Australia
28,Brisbane,27d28lS,153d02lE, Australia
29,Gold Coast,28d01lS,153d24lE, Australia
30,Kingston,29d04lS,167d58lE, Australia
31,Perth,31d57lS,115d52lE, Australia
32,Mandurah,32d32lS,115d43lE, Australia
33,Newcastle,32d55lS,151d45lE, Australia
34,Sydney,33d52lS,151d13lE, Australia
35,Wollongong,34d26lS,150d53lE, Australia
36,Adelaide,34d56lS,138d36lE, Australia
37,Canberra,35d18lS,149d07lE, Australia
38,Melbourne,37d49lS,144d58lE, Australia
39,Geelong,38d09lS,144d21lE, Australia
40,Hobart,42d53lS,147d20lE, Australia
41,Graz,47d04lN,15d26lE, Austria
42,Innsbruck,47d16lN,11d23lE, Austria
43,Salzburg,47d48lN,13d02lE, Austria
44,Vienna,48d13lN,16d22lE, Austria
45,Linz,48d18lN,14d17lE, Austria
46,Stepanakert,39d49lN,46d45lE, Azerbaijan
47,Baku,40d24lN,49d53lE, Azerbaijan
48,Nassau,25d04lN,77d20lW, Bahamas
49,Manama,26d13lN,50d35lE, Bahrain
50,Chittagong,22d22lN,91d48lE, Bangladesh
51,Dhaka,23d42lN,90d23lE, Bangladesh
52,Bridgetown,13d06lN,59d37lW, Barbados
53,Minsk,53d54lN,27d34lE, Belarus
54,Charleroi,50d24lN,4d26lE, Belgium
55,Brussels,50d51lN,4d21lE, Belgium
56,Ghent,51d03lN,3d44lE, Belgium
57,Antwerp,51d13lN,4d24lE, Belgium
58,Belmopan,17d15lN,88d46lW, Belize
59,Belize City,17d30lN,88d11lW, Belize
60,Cotonou,6d22lN,2d26lE, Benin
61,Porto-Novo,6d30lN,2d36lE, Benin
62,Thimphu,27d28lN,89d39lE, Bhutan
63,La Paz,16d30lS,68d09lW, Bolivia
64,Santa Cruz de la Sierra,17d48lS,63d10lW, Bolivia
65,Sucre,19d03lS,65d15lW, Bolivia
66,Sarajevo,43d51lN,18d21lE, Bosnia and Herzegovina
67,Francistown,21d10lS,27d31lE, Botswana
68,Gaborone,24d39lS,25d55lE, Botswana
69,Macapá,0d02lN,51d04lW, Brazil
70,Belém,1d27lS,48d30lW, Brazil
71,Palmas,10d11lS,48d20lW, Brazil
72,Aracaju,10d55lS,37d03lW, Brazil
73,Sinop,11d51lS,55d39lW, Brazil
74,Salvador,12d58lS,38d29lW, Brazil
75,Ilhéus,14d47lS,39d03lW, Brazil
76,Cuiabá,15d36lS,56d06lW, Brazil
77,Brasília,15d48lS,47d52lW, Brazil
78,Goiânia,16d40lS,49d15lW, Brazil
79,Governador Valadares,18d51lS,41d56lW, Brazil
80,Uberlândia,18d55lS,48d17lW, Brazil
81,Belo Horizonte,19d55lS,43d56lW, Brazil
82,São Luís,2d32lS,44d18lW, Brazil
83,Boa Vista,2d49lN,60d40lW, Brazil
84,Vitória,20d19lS,40d20lW, Brazil
85,Campo Grande,20d28lS,54d37lW, Brazil
86,São José do Rio Preto,20d48lS,49d23lW, Brazil
87,Ribeirão Preto,21d11lS,47d48lW, Brazil
88,Juiz de Fora,21d46lS,43d21lW, Brazil
89,Poços de Caldas,21d47lS,46d34lW, Brazil
90,Araraquara,21d48lS,48d11lW, Brazil
91,Bauru,22d19lS,49d04lW, Brazil
92,Assis,22d40lS,50d25lW, Brazil
93,Campinas,22d54lS,47d03lW, Brazil
94,Rio de Janeiro,22d55lS,43d12lW, Brazil
95,São José dos Campos,23d11lS,45d53lW, Brazil
96,São Paulo,23d33lS,46d38lW, Brazil
97,Curitiba,25d25lS,49d15lW, Brazil
98,Florianópolis,27d50lS,48d25lW, Brazil
99,Manaus,3d06lS,60d01lW, Brazil
100,Sobral,3d40lS,40d14lW, Brazil
101,Fortaleza,3d43lS,38d33lW, Brazil
102,Fernando de Noronha,3d51lS,32d25lW, Brazil
103,Porto Alegre,30d02lS,51d14lW, Brazil
104,Pelotas,31d46lS,52d21lW, Brazil
105,Chuí,33d41lS,53d27lW, Brazil
106,Teresina,5d06lS,42d48lW, Brazil
107,Imperatriz,5d32lS,47d29lW, Brazil
108,Natal,5d47lS,35d12lW, Brazil
109,João Pessoa,7d05lS,34d50lW, Brazil
110,Juazeiro do Norte,7d12lS,39d20lW, Brazil
111,Campina Grande,7d14lS,35d53lW, Brazil
112,Recife,8d03lS,34d54lW, Brazil
113,Caruaru,8d17lS,35d59lW, Brazil
114,Porto Velho,8d46lS,63d54lW, Brazil
115,Garanhuns,8d53lS,36d30lW, Brazil
116,Petrolina,9d24lS,40d30lW, Brazil
117,Maceió,9d40lS,35d44lW, Brazil
118,Rio Branco,9d58lS,67d49lW, Brazil
119,Bandar Seri Begawan,4d53lN,114d57lE, Brunei
120,Sofia,42d42lN,23d20lE, Bulgaria
121,Bobo-Dioulasso,11d11lN,4d17lW, Burkina Faso
122,Ouagadougou,12d21lN,1d32lW, Burkina Faso
123,Bujumbura,3d23lS,29d22lE, Burundi
124,Phnom Penh,11d33lN,104d55lE, Cambodia
125,Siem Reap,13d22lN,103d52lE, Cambodia
126,Yaoundé,3d52lN,11d31lE, Cameroon
127,Douala,4d03lN,9d42lE, Cameroon
128,Windsor,42d17lN,83d00lW, Canada
129,Toronto,43d42lN,79d24lW, Canada
130,Yarmouth,43d50lN,66d07lW, Canada
131,Halifax,44d51lN,63d12lW, Canada
132,Saint John,45d17lN,66d05lW, Canada
133,Ottawa,45d25lN,75d41lW, Canada
134,Montreal,45d30lN,73d34lW, Canada
135,Fredericton,45d57lN,66d40lW, Canada
136,Moncton,46d08lN,64d46lW, Canada
137,Charlottetown,46d14lN,63d09lW, Canada
138,North Bay,46d18lN,79d27lW, Canada
139,Sudbury,46d29lN,81d01lW, Canada
140,Sault Ste. Marie,46d32lN,84d21lW, Canada
141,Quebec City,46d49lN,71d13lW, Canada
142,St. John's,47d34lN,52d42lW, Canada
143,Thunder Bay,48d23lN,89d15lW, Canada
144,Victoria,48d26lN,123d22lW, Canada
145,Vancouver,49d15lN,123d06lW, Canada
146,Kelowna,49d53lN,119d30lW, Canada
147,Winnipeg,49d54lN,97d08lW, Canada
148,Regina,50d27lN,104d36lW, Canada
149,Kamloops,50d41lN,120d20lW, Canada
150,Calgary,51d03lN,114d04lW, Canada
151,Saskatoon,52d08lN,106d41lW, Canada
152,Edmonton,53d32lN,113d30lW, Canada
153,Grande Prairie,55d10lN,118d48lW, Canada
154,Fort McMurray,56d44lN,111d23lW, Canada
155,Whitehorse,60d43lN,135d03lW, Canada
156,Yellowknife,62d27lN,114d24lW, Canada
157,Iqaluit,63d45lN,68d31lW, Canada
158,Tuktoyaktuk,69d27lN,133d02lW, Canada
159,Grise Fiord,76d25lN,82d54lW, Canada
160,Eureka,79d59lN,85d56lW, Canada
161,Alert,82d30lN,62d20lW, Canada
162,Praia,14d55lN,23d31lW, Cape Verde
163,Bangui,4d22lN,18d35lE, Central African Republic
164,N'Djamena,12d07lN,15d03lE, Chad
165,Moundou,8d34lN,16d05lE, Chad
166,Arica,18d29lS,70d20lW, Chile
167,Iquique,20d13lS,70d09lW, Chile
168,Calama,22d28lS,68d56lW, Chile
169,Antofagasta,23d39lS,70d24lW, Chile
170,Hanga Roa,27d09lS,109d26lW, Chile
171,Copiapó,27d22lS,70d20lW, Chile
172,La Serena,29d54lS,71d15lW, Chile
173,Valparaíso,33d03lS,71d37lW, Chile
174,Santiago,33d27lS,70d40lW, Chile
175,Concepción,36d50lS,73d03lW, Chile
176,Temuco,38d45lS,72d40lW, Chile
177,Valdivia,39d49lS,73d15lW, Chile
178,Puerto Montt,41d28lS,72d56lW, Chile
179,Puerto Aisén,45d24lS,72d41lW, Chile
180,Coihaique,45d34lS,72d04lW, Chile
181,Punta Arenas,53d10lS,70d56lW, Chile
182,Puerto Williams,54d56lS,67d37lW, Chile
183,Puerto Toro,55d05lS,67d05lW, Chile
184,Cartagena,10d24lN,75d30lW, Colombia
185,Barranquilla,10d58lN,74d48lW, Colombia
186,Santiago de Cali,3d25lN,76d31lW, Colombia
187,Bogotá,4d36lN,74d05lW, Colombia
188,Medellín,6d14lN,75d35lW, Colombia
189,Cúcuta,7d54lN,72d30lW, Colombia
190,Moroni,11d45lS,43d12lE, Comoros
191,Alajuela,10d01lN,84d13lW, Costa Rica
192,Liberia,10d38lN,85d26lW, Costa Rica
193,San José,9d56lN,84d05lW, Costa Rica
194,Puntarenas,9d58lN,84d50lW, Costa Rica
195,Limón,9d59lN,83d02lW, Costa Rica
196,Split,43d30lN,16d26lE, Croatia
197,Zagreb,45d49lN,15d59lE, Croatia
198,Santiago de Cuba,20d01lN,75d49lW, Cuba
199,Havana,23d08lN,82d23lW, Cuba
200,Nicosia,35d10lN,33d22lE, Cyprus
201,Prague,50d05lN,14d25lE, Czech Republic
202,Lubumbashi,11d40lS,27d28lE, Democratic Republic of the Congo
203,Kinshasa,4d20lS,15d19lE, Democratic Republic of the Congo
204,Odense,55d24lN,10d23lE, Denmark
205,Esbjerg,55d29lN,8d27lE, Denmark
206,Copenhagen,55d41lN,12d34lE, Denmark
207,Aarhus,56d09lN,10d13lE, Denmark
208,Qaqortoq,60d43lN,46d02lW, Denmark
209,Tórshavn,62d01lN,6d46lW, Denmark
210,Nuuk (Godthåb),64d11lN,51d44lW, Denmark
211,Qaanaaq,7d28lN,69d14lW, Denmark
212,Upernavik,72d47lN,56d09lW, Denmark
213,Nord,81d36lN,16d40lW, Denmark
214,Djibouti,11d35lN,43d09lE, Djibouti
215,Roseau,15d18lN,61d23lW, Dominica
216,Santo Domingo,18d28lN,69d57lW, Dominican Republic
217,Quito,0d15lS,78d35lW, Ecuador
218,Guayaquil,2d11lS,79d53lW, Ecuador
219,Luxor,25d41lN,32d39lE, Egypt
220,Suez,29d58lN,32d33lE, Egypt
221,Cairo,30d03lN,31d14lE, Egypt
222,Alexandria,31d12lN,29d55lE, Egypt
223,Port Said,31d15lN,32d17lE, Egypt
224,San Salvador,13d41lN,89d11lW, El Salvador
225,Malabo,3d45lN,8d47lE, Equatorial Guinea
226,Asmara,15d20lN,38d56lE, Eritrea
227,Tartu,58d23lN,26d43lE, Estonia
228,Tallinn,59d26lN,24d45lE, Estonia
229,Addis Ababa,9d02lN,38d44lE, Ethiopia
230,Palikir,6d55lN,158d10lE, Federated States of Micronesia
231,Weno,7d27lN,151d51lE, Federated States of Micronesia
232,Labasa,16d26lS,179d22lE, Fiji
233,Rabi Island,16d30lS,180d00lW, Fiji
234,Suva,18d08lS,178d27lE, Fiji
235,Helsinki,60d10lN,24d56lE, Finland
236,Espoo,60d12lN,24d39lE, Finland
237,Vantaa,60d18lN,25d02lE, Finland
238,Turku,60d27lN,22d16lE, Finland
239,Lahti,60d59lN,25d39lE, Finland
240,Tampere,61d30lN,23d46lE, Finland
241,Jyväskylä,62d15lN,25d45lE, Finland
242,Kuopio,62d54lN,27d41lE, Finland
243,Vaasa,63d06lN,21d37lE, Finland
244,Oulu,65d01lN,25d28lE, Finland
245,Pudasjärvi,65d22lN,27d00lE, Finland
246,Kemi,65d44lN,24d34lE, Finland
247,Tornio,65d51lN,24d09lE, Finland
248,Kuusamo,65d58lN,29d11lE, Finland
249,Rovaniemi,66d30lN,25d44lE, Finland
250,Kemijärvi,66d43lN,27d26lE, Finland
251,Utsjoki,69d54lN,27d01lE, Finland
252,Nuorgam,70d05lN,27d53lE, Finland
253,Mamoudzou,12d47lS,45d14lE, France
254,Mata-Utu,13d17lS,176d11lW, France
255,Fort-de-France,14d36lN,61d05lW, France
256,Basse-Terre,16d00lN,61d44lW, France
257,Papeete,17d32lS,149d34lW, France
258,Saint-Denis,20d53lS,55d27lE, France
259,Nouméa,22d17lS,166d27lE, France
260,Cayenne,4d55lN,52d20lW, France
261,Marseille,43d18lN,5d22lE, France
262,Cannes,43d33lN,7d01lE, France
263,Toulouse,43d36lN,1d27lE, France
264,Nice,43d42lN,7d16lE, France
265,Bordeaux,44d50lN,0d35lW, France
266,Lyon,45d46lN,4d51lE, France
267,Saint-Pierre,46d47lN,56d11lW, France
268,Nantes,47d13lN,1d33lW, France
269,Orléans,47d54lN,1d55lE, France
270,Brest,48d23lN,4d29lW, France
271,Strasbourg,48d35lN,7d45lE, France
272,Paris,48d51lN,2d21lE, France
273,Rouen,49d26lN,1d06lE, France
274,Le Havre,49d29lN,0d06lE, France
275,Calais,50d57lN,1d51lE, France
276,Libreville,0d23lN,9d27lE, Gabon
277,Brikama,13d16lN,16d39lW, Gambia
278,Serekunda,13d26lN,16d40lW, Gambia
279,Banjul,13d27lN,16d35lW, Gambia
280,Tbilisi,41d43lN,44d47lE, Georgia
281,Tskhinvali,42d14lN,43d58lE, Georgia
282,Sukhumi,43d00lN,41d01lE, Georgia
283,Munich,48d08lN,11d34lE, Germany
284,Stuttgart,48d47lN,9d11lE, Germany
285,Frankfurt am Main,50d07lN,8d41lE, Germany
286,Cologne,50d56lN,6d58lE, Germany
287,Dresden,51d02lN,13d44lE, Germany
288,Düsseldorf,51d14lN,6d47lE, Germany
289,Leipzig,51d20lN,12d23lE, Germany
290,Hannover,52d22lN,9d43lE, Germany
291,Berlin,52d31lN,13d23lE, Germany
292,Bremen,53d05lN,8d48lE, Germany
293,Hamburg,53d34lN,10d00lE, Germany
294,Kiel,54d20lN,10d08lE, Germany
295,Sekondi-Takoradi,4d55lN,1d46lW, Ghana
296,Accra,5d33lN,0d12lW, Ghana
297,Kumasi,6d40lN,1d37lW, Ghana
298,Tamale,9d24lN,0d51lW, Ghana
299,Heraklion,35d20lN,25d08lE, Greece
300,Athena,37d58lN,23d43lE, Greece
301,Halkida,38d28lN,23d36lE, Greece
302,Thessaloniki,40d39lN,22d54lE, Greece
303,St. George's,12d03lN,61d45lW, Grenada
304,Guatemala City,14d37lN,90d32lW, Guatemala
305,Quetzaltenango,14d50lN,91d31lW, Guatemala
306,Nzérékoré,7d45lN,8d49lW, Guinea
307,Conakry,9d31lN,13d43lW, Guinea
308,Bissau,11d51lN,15d34lW, Guinea-Bissau
309,Georgetown,6d48lN,58d10lW, Guyana
310,Port-au-Prince,18d32lN,72d20lW, Haiti
311,Tegucigalpa,14d06lN,87d13lW, Honduras
312,Budapest,47d28lN,19d03lE, Hungary
313,Reykjavík,64d08lN,21d56lW, Iceland
314,Akureyri,65d41lN,18d06lW, Iceland
315,Ísafjörður,66d05lN,23d08lW, Iceland
316,Port Blair,11d40lN,92d46lE, India
317,Bangalore,12d58lN,77d34lE, India
318,Chennai (Madras),13d05lN,80d16lE, India
319,Hyderabad,17d22lN,78d29lE, India
320,Visakhapatnam,17d41lN,83d13lE, India
321,Pune,18d31lN,73d51lE, India
322,Mumbai (Bombay),18d59lN,72d50lE, India
323,Nagpur,21d08lN,79d05lE, India
324,Surat,21d10lN,72d50lE, India
325,Kolkata (Calcutta),22d34lN,88d22lE, India
326,Ahmedabad,23d02lN,72d35lE, India
327,Agartala,23d50lN,91d16lE, India
328,Kulpahar,25d19lN,79d38lE, India
329,Shillong,25d34lN,91d53lE, India
330,Patna,25d37lN,85d09lE, India
331,Guwahati,26d11lN,91d44lE, India
332,Kanpur,26d28lN,80d20lE, India
333,Tezpur,26d38lN,92d48lE, India
334,Siliguri,26d43lN,88d26lE, India
335,Lucknow,26d51lN,80d57lE, India
336,Jaipur,26d56lN,75d49lE, India
337,Agra,27d11lN,78d01lE, India
338,Gangtok,27d20lN,88d37lE, India
339,Dibrugarh,27d29lN,95d00lE, India
340,New Delhi,28d37lN,77d13lE, India
341,Chandigarh,30d45lN,76d47lE, India
342,Ludhiana,30d55lN,75d51lE, India
343,Shimla,31d06lN,77d10lE, India
344,Amritsar,31d38lN,74d52lE, India
345,Srinagar,34d05lN,74d47lE, India
346,Trivandrum,8d29lN,76d57lE, India
347,Kochi,9d58lN,76d17lE, India
348,Pontianak,0d01lS,109d20lE, Indonesia
349,Pekanbaru,0d32lN,101d27lE, Indonesia
350,Padang,0d57lS,100d21lE, Indonesia
351,Balikpapan,1d16lS,116d50lE, Indonesia
352,Jayapura,2d32lS,140d43lE, Indonesia
353,Palembang,2d59lS,104d45lE, Indonesia
354,Medan,3d35lN,98d40lE, Indonesia
355,Ambon,3d42lS,128d10lE, Indonesia
356,Makassar,5d08lS,119d25lE, Indonesia
357,Banda Aceh,5d33lN,95d19lE, Indonesia
358,Jakarta,6d12lS,106d48lE, Indonesia
359,Bogor,6d36lS,106d48lE, Indonesia
360,Bandung,6d55lS,107d37lE, Indonesia
361,Semarang,6d58lS,110d25lE, Indonesia
362,Surabaya,7d16lS,112d45lE, Indonesia
363,Yogyakarta,7d48lS,110d22lE, Indonesia
364,Malang,7d59lS,112d37lE, Indonesia
365,Denpasar,8d39lS,115d13lE, Indonesia
366,Isfahan,32d38lN,51d39lE, Iran
367,Tehran,35d42lN,51d25lE, Iran
368,Mashhad,36d18lN,59d36lE, Iran
369,Tabriz,38d04lN,46d18lE, Iran
370,Basra,30d30lN,47d49lE, Iraq
371,Baghdad,33d20lN,44d26lE, Iraq
372,Kirkuk,35d28lN,44d19lE, Iraq
373,Erbil,36d11lN,44d01lE, Iraq
374,Mosul,36d20lN,43d08lE, Iraq
375,Cork,51d54lN,8d28lW, Ireland
376,Dublin,53d21lN,6d16lW, Ireland
377,Eilat,29d33lN,34d57lE, Israel
378,Jerusalem,31d47lN,35d13lE, Israel
379,Tel Aviv,32d04lN,34d47lE, Israel
380,Catania,37d30lN,15d05lE, Italy
381,Palermo,38d07lN,13d22lE, Italy
382,Messina,38d11lN,15d33lE, Italy
383,Cagliari,39d15lN,9d03lE, Italy
384,Naples,40d51lN,14d16lE, Italy
385,Rome,41d54lN,12d30lE, Italy
386,Florence,43d47lN,11d15lE, Italy
387,Bologna,44d30lN,11d21lE, Italy
388,Turin,45d04lN,7d42lE, Italy
389,Venice,45d26lN,12d20lE, Italy
390,Milan,45d28lN,9d11lE, Italy
391,Abidjan,5d19lN,4d02lW, Ivory Coast
392,Yamoussoukro,6d49lN,5d17lW, Ivory Coast
393,Kingston,17d59lN,76d48lW, Jamaica
394,Naha,26d13lN,127d41lE, Japan
395,Fukuoka,33d35lN,130d24lE, Japan
396,Hiroshima,34d23lN,132d27lE, Japan
397,Kōbe,34d41lN,135d12lE, Japan
398,Osaka,34d42lN,135d30lE, Japan
399,Kyoto,35d01lN,135d46lE, Japan
400,Nagoya,35d11lN,136d54lE, Japan
401,Yokohama,35d27lN,139d38lE, Japan
402,Kawasaki,35d31lN,139d42lE, Japan
403,Tokyo,35d41lN,139d42lE, Japan
404,Sendai,38d16lN,140d52lE, Japan
405,Sapporo,43d04lN,141d21lE, Japan
406,Nemuro,43d20lN,145d35lE, Japan
407,Amman,31d56lN,35d56lE, Jordan
408,Almaty,43d17lN,76d54lE, Kazakhstan
409,Astana,51d10lN,71d26lE, Kazakhstan
410,Nairobi,1d17lS,36d49lE, Kenya
411,Mombasa,4d03lS,39d40lE, Kenya
412,South Tarawa,1d26lN,173d00lE, Kiribati
413,Kuwait City,29d22lN,47d59lE, Kuwait
414,Bishkek,42d52lN,74d37lE, Kyrgyzstan
415,Vientiane,17d58lN,102d36lE, Laos
416,Riga,56d57lN,24d06lE, Latvia
417,Beirut,33d53lN,35d31lE, Lebanon
418,Maseru,29d19lS,27d29lE, Lesotho
419,Monrovia,6d19lN,10d48lW, Liberia
420,Sabha,27d02lN,14d26lE, Libya
421,Benghazi,32d07lN,20d04lE, Libya
422,Tripoli,32d54lN,13d11lE, Libya
423,Vaduz,47d08lN,9d31lE, Liechtenstein
424,Vilnius,54d41lN,25d17lE, Lithuania
425,Luxembourg,49d37lN,6d07lE, Luxembourg
426,Skopje,42d00lN,21d26lE, Macedonia
427,Antananarivo,18d56lS,47d31lE, Madagascar
428,Lilongwe,13d59lS,33d47lE, Malawi
429,Blantyre,15d47lS,35d00lE, Malawi
430,Johor Bahru,1d29lN,103d44lE, Malaysia
431,Kuching,1d34lN,110d21lE, Malaysia
432,Malacca Town,2d12lN,102d15lE, Malaysia
433,Kuala Lumpur,3d09lN,101d42lE, Malaysia
434,Miri,4d24lN,114d00lE, Malaysia
435,Ipoh,4d36lN,101d04lE, Malaysia
436,George Town,5d25lN,100d19lE, Malaysia
437,Kota Kinabalu,5d58lN,116d06lE, Malaysia
438,Alor Setar,6d07lN,100d22lE, Malaysia
439,Kota Bharu,6d08lN,102d15lE, Malaysia
440,Malé,4d11lN,73d31lE, Maldives
441,Bamako,12d39lN,8d00lW, Mali
442,Koulikoro,12d52lN,7d34lW, Mali
443,Timbuktu,16d47lN,3d01lW, Mali
444,Birkirkara,35d54lN,14d28lE, Malta
445,Valletta,35d54lN,14d31lE, Malta
446,Majuro,7d04lN,171d16lE, Marshall Islands
447,Nouakchott,18d06lN,15d57lW, Mauritania
448,Port Louis,20d10lS,57d30lE, Mauritius
449,Tapachula,14d54lN,92d16lW, Mexico
450,Acapulco,16d52lN,99d53lW, Mexico
451,Puebla,19d03lN,98d13lW, Mexico
452,Veracruz,19d11lN,96d09lW, Mexico
453, Mexico City,19d26lN,99d08lW, Mexico
454,Querétaro,20d35lN,100d24lW, Mexico
455,Guadalajara,20d40lN,103d21lW, Mexico
456,Puerto Vallarta,20d40lN,105d16lW, Mexico
457,Zapopan,20d43lN,103d24lW, Mexico
458,Mérida,20d58lN,89d37lW, Mexico
459,León,21d07lN,101d41lW, Mexico
460,Cancún,21d10lN,86d51lW, Mexico
461,Aguascalientes,21d53lN,102d18lW, Mexico
462,San Luis Potosí,22d09lN,100d51lW, Mexico
463,Tampico,22d15lN,97d52lW, Mexico
464,Cabo San Lucas,22d53lN,109d55lW, Mexico
465,Durango,24d01lN,104d40lW, Mexico
466,Culiacán,24d48lN,107d23lW, Mexico
467,Torreón,25d32lN,103d27lW, Mexico
468,Monterrey,25d40lN,100d18lW, Mexico
469,Chihuahua,28d38lN,106d05lW, Mexico
470,Hermosillo,29d06lN,110d57lW, Mexico
471,Ciudad Juárez,31d44lN,106d29lW, Mexico
472,Ensenada,31d51lN,116d36lW, Mexico
473,Tijuana,32d32lN,117d02lW, Mexico
474,Mexicali,32d40lN,115d28lW, Mexico
475,Tiraspol,46d51lN,29d38lE, Moldova
476,Chişinău,47d00lN,28d55lE, Moldova
477,Monaco,43d44lN,7d25lE, Monaco
478,Ulaanbaatar,47d55lN,106d55lE, Mongolia
479,Podgorica,42d26lN,19d16lE, Montenegro
480,El Aaiún,27d09lN,13d12lW, Morocco
481,Marrakech,31d38lN,8d01lW, Morocco
482,Casablanca,33d32lN,7d35lW, Morocco
483,Rabat,34d02lN,6d50lW, Morocco
484,Maputo,25d58lS,32d35lE, Mozambique
485,Yangon,16d48lN,96d09lE, Myanmar
486,Naypyidaw,19d45lN,96d06lE, Myanmar
487,Windhoek,22d34lS,17d05lE, Namibia
488,Yaren District,0d33lS,166d55lE, Nauru
489,Kathmandu,27d42lN,85d20lE, Nepal
490,Willemstad,12d07lN,68d56lW, Netherlands
491,Oranjestad,12d31lN,70d02lW, Netherlands
492,Maastricht,50d51lN,5d41lE, Netherlands
493,Rotterdam,51d56lN,4d29lE, Netherlands
494,The Hague,52d05lN,4d19lE, Netherlands
495,Utrecht,52d06lN,5d07lE, Netherlands
496,Leiden,52d10lN,4d29lE, Netherlands
497,Enschede,52d13lN,6d54lE, Netherlands
498,Amsterdam,52d22lN,4d54lE, Netherlands
499,Haarlem,52d23lN,4d38lE, Netherlands
500,Groningen,53d13lN,6d33lE, Netherlands
501,Alofi,19d03lS,169d55lW, New Zealand
502,Avarua,21d12lS,159d46lW, New Zealand
503,Auckland,36d50lS,174d44lE, New Zealand
504,Hamilton,37d47lS,175d17lE, New Zealand
505,Hastings,39d39lS,176d50lE, New Zealand
506,Nelson,41d16lS,173d17lE, New Zealand
507,Wellington,41d17lS,174d47lE, New Zealand
508,Christchurch,43d32lS,172d37lE, New Zealand
509,Dunedin,45d52lS,170d30lE, New Zealand
510,Invercargill,46d25lS,168d21lE, New Zealand
511,Managua,12d08lN,86d15lW, Nicaragua
512,Chinandega,12d37lN,87d09lW, Nicaragua
513,Niamey,13d31lN,2d06lE, Niger
514,Kano,12d00lN,8d31lE, Nigeria
515,Port Harcourt,4d45lN,7d00lE, Nigeria
516,Benin City,6d19lN,5d36lE, Nigeria
517,Enugu,6d27lN,7d31lE, Nigeria
518,Lagos,6d27lN,3d24lE, Nigeria
519,Ibadan,7d24lN,3d55lE, Nigeria
520,Abuja,9d04lN,7d29lE, Nigeria
521,Kaesong,37d58lN,126d33lE, North Korea
522,Pyongyang,39d01lN,125d44lE, North Korea
523,Wonsan,39d09lN,127d27lE, North Korea
524,Chongjin,41d48lN,129d47lE, North Korea
525,Kristiansand,58d10lN,8d00lE, Norway
526,Sarpsborg,59d17lN,11d12lE, Norway
527,Oslo,59d57lN,10d45lE, Norway
528,Bergen,60d23lN,5d20lE, Norway
529,Lillehammer,61d08lN,10d26lE, Norway
530,Trondheim,63d26lN,10d24lE, Norway
531,Stjørdal,63d29lN,11d10lE, Norway
532,Bodø,67d18lN,14d33lE, Norway
533,Narvik,68d25lN,17d34lE, Norway
534,Tromsø,69d41lN,18d57lE, Norway
535,Vadsø,70d05lN,29d44lE, Norway
536,Hammerfest,70d40lN,23d41lE, Norway
537,Longyearbyen,78d13lN,15d39lE, Norway
538,Ny-Ålesund,78d55lN,11d56lE, Norway
539,Salalah,17d01lN,54d05lE, Oman
540,Muscat,23d37lN,58d36lE, Oman
541,Karachi,24d52lN,67d01lE, Pakistan
542,Hyderabad,25d23lN,68d22lE, Pakistan
543,Multan,30d12lN,71d28lE, Pakistan
544,Faisalabad,31d25lN,73d05lE, Pakistan
545,Lahore,31d33lN,74d21lE, Pakistan
546,Rawalpindi,33d36lN,73d02lE, Pakistan
547,Islamabad,33d43lN,73d04lE, Pakistan
548,Peshawar,34d01lN,71d35lE, Pakistan
549,Koror City,7d22lN,134d29lE, Palau
550,Melekeok,7d29lN,134d36lE, Palau
551,Ngerulmud,7d30'2lN,134d36'2lE, Palau
552,Gaza,31d31lN,34d27lE, Palestine
553,Panama City,8d59lN,79d31lW, Panama
554,Port Moresby,9d31lS,147d13lE, Papua New Guinea
555,Asunción,25d17lS,57d38lW, Paraguay
556,Ciudad del Este,25d31lS,54d37lW, Paraguay
557, Macau,22d10lN,113d33lE, People's Republic of China
558, Hong Kong,22d17lN,114d10lE, People's Republic of China
559,Shenzhen,22d33lN,114d06lE, People's Republic of China
560,Nanning,22d49lN,108d19lE, People's Republic of China
561,Dongguan,23d02lN,113d43lE, People's Republic of China
562,Guangzhou,23d08lN,113d16lE, People's Republic of China
563,Kunming,25d04lN,102d41lE, People's Republic of China
564,Shigatse,29d16lN,88d53lE, People's Republic of China
565,Chongqing,29d34lN,106d34lE, People's Republic of China
566,Lhasa,29d39lN,91d06lE, People's Republic of China
567,Hangzhou,30d15lN,120d10lE, People's Republic of China
568,Wuhan,30d35lN,114d17lE, People's Republic of China
569,Chengdu,30d40lN,104d04lE, People's Republic of China
570,Shanghai,31d12lN,121d30lE, People's Republic of China
571,Nanjing,32d03lN,118d46lE, People's Republic of China
572,Xi'an,34d16lN,108d54lE, People's Republic of China
573,Zhengzhou,34d46lN,113d39lE, People's Republic of China
574,Lanzhou,36d02lN,103d48lE, People's Republic of China
575,Qingdao,36d04lN,120d23lE, People's Republic of China
576,Handan,36d36lN,114d29lE, People's Republic of China
577,Xining,36d38lN,101d46lE, People's Republic of China
578,Jinan,36d40lN,116d59lE, People's Republic of China
579,Taiyuan,37d52lN,112d34lE, People's Republic of China
580,Shijiazhuang,38d03lN,114d30lE, People's Republic of China
581,Dalian,38d55lN,121d38lE, People's Republic of China
582,Tianjin,39d08lN,117d11lE, People's Republic of China
583,Beijing,39d55lN,116d23lE, People's Republic of China
584,Shenyang,41d48lN,123d24lE, People's Republic of China
585,Ürümqi,43d50lN,87d36lE, People's Republic of China
586,Changchun,43d54lN,125d12lE, People's Republic of China
587,Harbin,45d45lN,126d38lE, People's Republic of China
588,Lima,12d03lS,77d02lW, Peru
589,Ayacucho,13d10lS,74d13lW, Peru
590,Cusco,13d32lS,71d58lW, Peru
591,Arequipa,16d24lS,71d32lW, Peru
592,Iquitos,3d44lS,73d15lW, Peru
593,Trujillo,8d07lS,79d02lW, Peru
594,Cebu City,10d17lN,123d54lE, Philippines
595,Iloilo City,10d43lN,122d34lE, Philippines
596,Makati,14d33lN,121d02lE, Philippines
597,Manila,14d35lN,120d58lE, Philippines
598,Quezon City,14d38lN,121d02lE, Philippines
599,Zamboanga City,6d54lN,122d04lE, Philippines
600,Davao City,7d04lN,125d36lE, Philippines
601,Tagbilaran,9d39lN,123d51lE, Philippines
602,Kraków,50d04lN,19d56lE, Poland
603,Warsaw,52d14lN,21d01lE, Poland
604,Gdańsk,54d22lN,18d38lE, Poland
605,Gdynia,54d30lN,18d33lE, Poland
606,Funchal,32d39lN,16d55lW, Portugal
607,Ponta Delgada,37d49lN,25d45lW, Portugal
608,Angra do Heroísmo,38d29lN,27d13lW, Portugal
609,Horta,38d35lN,28d43lW, Portugal
610,Lisbon,38d43lN,9d08lW, Portugal
611,Flores Island,39d28lN,31d14lW, Portugal
612,Porto,41d10lN,8d37lW, Portugal
613,Doha,25d17lN,51d32lE, Qatar
614,Kaohsiung,22d38lN,120d16lE, Republic of China (Taiwan)
615,Tainan,22d59lN,120d11lE, Republic of China (Taiwan)
616,Taichung,24d09lN,120d40lE, Republic of China (Taiwan)
617,Taipei,25d02lN,121d38lE, Republic of China (Taiwan)
618,Brazzaville,4d16lS,15d18lE, Republic of the Congo
619,Craiova,44d20lN,23d49lE, Romania
620,Bucharest,44d26lN,26d06lE, Romania
621,Cluj-Napoca,46d46lN,23d35lE, Romania
622,Vladivostok,43d08lN,131d54lE, Russia
623,Sochi,43d35lN,39d43lE, Russia
624,Simferopol,44d57lN,34d06lE, Russia
625,Krasnodar,45d02lN,38d58lE, Russia
626,Rostov-on-Don,47d14lN,39d42lE, Russia
627,Volgograd,48d42lN,44d31lE, Russia
628,Saratov,51d32lN,46d01lE, Russia
629,Voronezh,51d40lN,39d13lE, Russia
630,Irkutsk,52d19lN,104d18lE, Russia
631,Petropavlovsk-Kamchatsky,53d01lN,158d39lE, Russia
632,Samara,53d12lN,50d08lE, Russia
633,Tolyatti,53d31lN,49d25lE, Russia
634,Kaliningrad,54d43lN,20d31lE, Russia
635,Ufa,54d45lN,55d58lE, Russia
636,Omsk,54d59lN,73d22lE, Russia
637,Novosibirsk,55d01lN,82d56lE, Russia
638,Chelyabinsk,55d09lN,61d23lE, Russia
639,Moscow,55d45lN,37d37lE, Russia
640,Kazan,55d47lN,49d08lE, Russia
641,Krasnoyarsk,56d01lN,93d04lE, Russia
642,Bratsk,56d07lN,101d36lE, Russia
643,Nizhny Novgorod,56d20lN,44d00lE, Russia
644,Izhevsk,56d50lN,53d11lE, Russia
645,Yekaterinburg,56d50lN,60d35lE, Russia
646,Yaroslavl,57d37lN,39d51lE, Russia
647,Perm,58d00lN,56d19lE, Russia
648,Magadan,59d34lN,150d48lE, Russia
649,Saint Petersburg,59d57lN,30d18lE, Russia
650,Yakutsk,62d02lN,129d44lE, Russia
651,Arkhangelsk,64d32lN,40d32lE, Russia
652,Anadyr,64d44lN,177d31lE, Russia
653,Verkhoyansk,67d33lN,133d23lE, Russia
654,Murmansk,68d58lN,33d05lE, Russia
655,Norilsk,69d20lN,88d13lE, Russia
656,Kigali,1d57lS,30d04lE, Rwanda
657,Basseterre,17d18lN,62d44lW, Saint Kitts and Nevis
658,Castries,14d01lN,60d59lW, Saint Lucia
659,Kingstown,13d09lN,61d14lW, Saint Vincent and the Grenadines
660,Apia,13d50lS,171d45lW, Samoa
661,San Marino,43d56lN,12d27lE, San Marino
662,São Tomé,0d20lN,6d41lE, São Tomé and Príncipe
663,Mecca,21d25lN,39d49lE, Saudi Arabia
664,Jeddah,21d33lN,39d10lE, Saudi Arabia
665,Medina,24d28lN,39d36lE, Saudi Arabia
666,Riyadh,24d38lN,46d43lE, Saudi Arabia
667,Dammam,26d17lN,50d12lE, Saudi Arabia
668,Dakar,14d42lN,17d27lW, Senegal
669,Thiès,14d47lN,16d55lW, Senegal
670,Pristina,42d40lN,21d10lE, Serbia
671,Belgrade,44d49lN,20d28lE, Serbia
672,Novi Sad,45d15lN,19d51lE, Serbia
673,Victoria,4d37lS,55d27lE, Seychelles
674,Freetown,8d29lN,13d14lW, Sierra Leone
675,Singapore,1d17lN,103d50lE, Singapore
676,Bratislava,48d09lN,17d07lE, Slovakia
677,Ljubljana,46d03lN,14d31lE, Slovenia
678,Honiara,9d28lS,159d49lE, Solomon Islands
679,Kismayo,0d21lS,42d33lE, Somalia
680,Mogadishu,2d02lN,45d21lE, Somalia
681,Hargeisa,9d34lN,44d04lE, Somalia
682,Polokwane,23d54lS,29d27lE, South Africa
683,Nelspruit,25d28lS,30d59lE, South Africa
684,Pretoria,25d45lS,28d11lE, South Africa
685,Mafikeng,25d51lS,25d38lE, South Africa
686,Johannesburg,26d12lS,28d03lE, South Africa
687,Kimberley,28d45lS,24d46lE, South Africa
688,Bloemfontein,29d07lS,26d13lE, South Africa
689,Pietermaritzburg,29d37lS,30d23lE, South Africa
690,Durban,29d53lS,31d03lE, South Africa
691,Bhisho,32d51lS,27d26lE, South Africa
692,Cape Town,33d56lS,18d25lE, South Africa
693,Port Elizabeth,33d57lS,25d36lE, South Africa
694,Busan,35d11lN,129d05lE, South Korea
695,Daegu,35d52lN,128d36lE, South Korea
696,Incheon,37d29lN,126d38lE, South Korea
697,Seoul,37d34lN,126d59lE, South Korea
698,Juba,4d51lN,31d36lE, South Sudan
699,Las Palmas de Gran Canaria,28d09lN,15d25lW, Spain
700,Santa Cruz de Tenerife,28d28lN,16d15lW, Spain
701,Málaga,36d43lN,4d25lW, Spain
702,Sevilla,37d23lN,5d59lW, Spain
703,Ibiza,38d59lN,1d26lE, Spain
704,Valencia,39d28lN,0d23lW, Spain
705,Palma,39d34lN,2d39lE, Spain
706,Madrid,40d23lN,3d43lW, Spain
707,Barcelona,41d23lN,2d11lE, Spain
708,Lleida,41d37lN,0d38lE, Spain
709,Zaragoza,41d39lN,0d53lW, Spain
710,Bilbao,43d15lN,2d55lW, Spain
711,Sri Jayawardenapura-Kotte,6d55lN,79d53lE, Sri Lanka
712,Colombo,6d56lN,79d51lE, Sri Lanka
713,Kandy,7d18lN,80d38lE, Sri Lanka
714,Batticaloa,7d43lN,81d42lE, Sri Lanka
715,Khartoum,15d38lN,32d32lE, Sudan
716,Omdurman,15d39lN,32d29lE, Sudan
717,Paramaribo,5d52lN,55d10lW, Suriname
718,Mbabane,26d19lS,31d08lE, Swaziland
719,Lobamba,26d25lS,31d10lE, Swaziland
720,Manzini,26d29lS,31d22lE, Swaziland
721,Malmö,55d35lN,13d02lE, Sweden
722,Gothenburg,57d42lN,11d58lE, Sweden
723,Norrköping,58d36lN,16d12lE, Sweden
724,Stockholm,59d20lN,18d04lE, Sweden
725,Uppsala,59d51lN,17d39lE, Sweden
726,Sundsvall,62d24lN,17d19lE, Sweden
727,Östersund,63d11lN,14d40lE, Sweden
728,Örnsköldsvik,63d17lN,18d44lE, Sweden
729,Umeå,63d50lN,20d16lE, Sweden
730,Skellefteå,64d45lN,20d57lE, Sweden
731,Piteå,65d20lN,21d30lE, Sweden
732,Luleå,65d35lN,22d09lE, Sweden
733,Boden,65d50lN,21d43lE, Sweden
734,Haparanda,65d50lN,24d08lE, Sweden
735,Kiruna,67d51lN,20d13lE, Sweden
736,Geneva,46d12lN,6d09lE, Switzerland
737,Lausanne,46d31lN,6d38lE, Switzerland
738,Bern,46d57lN,7d27lE, Switzerland
739,Zürich,47d22lN,8d33lE, Switzerland
740,Basel,47d34lN,7d36lE, Switzerland
741,Damascus,33d31lN,36d18lE, Syria
742,Latakia,35d31lN,35d47lE, Syria
743,Dushanbe,38d32lN,68d47lE, Tajikistan
744,Mwanza,2d31lS,32d54lE, Tanzania
745,Dodoma,6d10lS,35d45lE, Tanzania
746,Zanzibar City,6d10lS,39d12lE, Tanzania
747,Dar es Salaam,6d48lS,39d17lE, Tanzania
748,Pattaya,12d56lN,100d53lE, Thailand
749,Bangkok,13d45lN,100d28lE, Thailand
750,Phra Nakhon Si Ayutthaya,14d21lN,100d34lE, Thailand
751,Nakhon Ratchasima,14d59lN,102d06lE, Thailand
752,Khon Kaen,16d26lN,102d50lE, Thailand
753,Udon Thani,17d25lN,102d45lE, Thailand
754,Chiang Mai,18d48lN,99d00lE, Thailand
755,Chiang Rai,19d55lN,99d50lE, Thailand
756,Hat Yai,7d01lN,100d28lE, Thailand
757,Phuket,7d53lN,98d24lE, Thailand
758,Surat Thani,9d08lN,99d20lE, Thailand
759,Dili,8d33lS,125d35lE, Timor-Leste
760,Lomé,6d08lN,1d13lE, Togo
761,Nukuʻalofa,21d08lS,175d12lW, Tonga
762,San Fernando,10d17lN,61d28lW, Trinidad and Tobago
763,Chaguanas,10d30lN,61d23lW, Trinidad and Tobago
764,Port of Spain,10d40lN,61d31lW, Trinidad and Tobago
765,Sfax,34d44lN,10d46lE, Tunisia
766,Tunis,36d48lN,10d11lE, Tunisia
767,Mersin,36d48lN,34d38lE, Turkey
768,Adana,37d00lN,35d19lE, Turkey
769,Gaziantep,37d04lN,37d23lE, Turkey
770,Konya,37d52lN,32d29lE, Turkey
771,İzmir,38d26lN,27d09lE, Turkey
772,Eskisehir,39d47lN,30d31lE, Turkey
773,Ankara,39d56lN,32d52lE, Turkey
774,Bursa,40d11lN,29d03lE, Turkey
775,Istanbul,41d01lN,28d57lE, Turkey
776,Ashgabat,37d56lN,58d22lE, Turkmenistan
777,Funafuti,8d31lS,179d13lE, Tuvalu
778,Nukulaelae,9d23lS,179d51lE, Tuvalu
779,Entebbe,0d03lN,32d28lE, Uganda
780,Kampala,0d19lN,32d35lE, Uganda
781,Odessa,46d28lN,30d44lE, Ukraine
782,Lviv,49d51lN,24d01lE, Ukraine
783,Kharkiv,50d00lN,36d14lE, Ukraine
784,Kiev,50d27lN,30d31lE, Ukraine
785,Abu Dhabi,24d28lN,54d22lE, United Arab Emirates
786,Dubai,25d15lN,55d18lE, United Arab Emirates
787,Jamestown,15d55lS,5d43lW, United Kingdom
788,The Valley,18d13lN,63d03lW, United Kingdom
789,Road Town,18d26lN,64d37lW, United Kingdom
790,George Town,19d18lN,81d23lW, United Kingdom
791,Cockburn Town,21d28lN,71d08lW, United Kingdom
792,Adamstown,25d04lS,130d06lW, United Kingdom
793,Hamilton,32d18lN,64d47lW, United Kingdom
794,Gibraltar,36d08lN,5d21lW, United Kingdom
795,Plymouth,50d22lN,4d09lW, United Kingdom
796,Exeter,50d43lN,3d32lW, United Kingdom
797,Portsmouth,50d49lN,1d05lW, United Kingdom
798,Brighton and Hove,50d50lN,0d09lW, United Kingdom
799,Southampton,50d54lN,1d24lW, United Kingdom
800,Bath,51d23lN,2d22lW, United Kingdom
801,Bristol,51d27lN,2d35lW, United Kingdom
802,Cardiff,51d29lN,3d11lW, United Kingdom
803,Greenwich,51d29lN,0d00lE/W, United Kingdom
804,London,51d30lN,0d08lW, United Kingdom
805,Swansea,51d37lN,3d57lW, United Kingdom
806,Stanley,51d42lS,57d52lW, United Kingdom
807,Oxford,51d45lN,1d15lW, United Kingdom
808,Gloucester,51d52lN,2d14lW, United Kingdom
809,Cambridge,52d12lN,0d07lE, United Kingdom
810,Coventry,52d24lN,1d31lW, United Kingdom
811,Birmingham,52d29lN,1d54lW, United Kingdom
812,Peterborough,52d35lN,0d15lW, United Kingdom
813,Leicester,52d38lN,1d08lW, United Kingdom
814,Norwich,52d38lN,1d18lE, United Kingdom
815,Nottingham,52d57lN,1d08lW, United Kingdom
816,Sheffield,53d23lN,1d28lW, United Kingdom
817,Liverpool,53d24lN,2d59lW, United Kingdom
818,Manchester,53d28lN,2d14lW, United Kingdom
819,Bradford,53d48lN,1d45lW, United Kingdom
820,Leeds,53d48lN,1d33lW, United Kingdom
821,Douglas,54d09lN,4d29lW, United Kingdom
822,Grytviken,54d17lS,36d30lW, United Kingdom
823,Belfast,54d36lN,5d56lW, United Kingdom
824,Newcastle upon Tyne,54d58lN,1d37lW, United Kingdom
825,Glasgow,55d51lN,4d16lW, United Kingdom
826,Edinburgh,55d57lN,3d11lW, United Kingdom
827,Dundee,56d28lN,2d58lW, United Kingdom
828,Aberdeen,57d09lN,2d07lW, United Kingdom
829,Inverness,57d28lN,4d14lW, United Kingdom
830,Hagåtña,13d29lN,144d45lE, United States
831,Dededo,13d31lN,144d50lE, United States
832,Pago Pago,14d17lS,170d42lW, United States
833,Saipan,15d11lN,145d45lE, United States
834,Charlotte Amalie,18d21lN,64d57lW, United States
835,San Juan,18d27lN,66d04lW, United States
836,Hilo,19d42lN,155d05lW, United States
837,Honolulu,21d19lN,157d50lW, United States
838,Key West,24d34lN,81d47lW, United States
839,Miami,25d47lN,80d13lW, United States
840,Tampa,27d57lN,82d28lW, United States
841,Orlando,28d25lN,81d18lW, United States
842,San Antonio,29d25lN,98d30lW, United States
843,Houston,29d46lN,95d23lW, United States
844,New Orleans,29d58lN,90d03lW, United States
845,Austin,30d15lN,97d45lW, United States
846,Jacksonville,30d20lN,81d40lW, United States
847,Mobile,30d42lN,88d03lW, United States
848,El Paso,31d47lN,106d25lW, United States
849,Tucson,32d13lN,110d56lW, United States
850,Jackson,32d18lN,90d11lW, United States
851,San Diego,32d43lN,117d10lW, United States
852,Dallas,32d47lN,96d48lW, United States
853,Phoenix,33d27lN,112d04lW, United States
854,Birmingham,33d39lN,86d49lW, United States
855,Atlanta,33d45lN,84d23lW, United States
856,Riverside,33d57lN,117d24lW, United States
857,Columbia,34d00lN,81d03lW, United States
858,Los Angeles,34d03lN,118d15lW, United States
859,Wilmington,34d13lN,77d55lW, United States
860,Santa Barbara,34d26lN,119d43lW, United States
861,Little Rock,34d44lN,92d20lW, United States
862,Albuquerque,35d07lN,106d37lW, United States
863,Memphis,35d07lN,89d58lW, United States
864,Charlotte,35d14lN,80d51lW, United States
865,Oklahoma City,35d29lN,97d32lW, United States
866,Santa Fe,35d40lN,105d58lW, United States
867,Raleigh,35d49lN,78d39lW, United States
868,Los Alamos,35d53lN,106d18lW, United States
869,Knoxville,35d58lN,83d57lW, United States
870,Tulsa,36d08lN,95d56lW, United States
871,Nashville,36d10lN,86d47lW, United States
872,Las Vegas,36d11lN,115d08lW, United States
873,Virginia Beach,36d51lN,75d59lW, United States
874,Springfield,37d12lN,93d17lW, United States
875,Wichita,37d41lN,97d20lW, United States
876,San Francisco,37d47lN,122d25lW, United States
877,Louisville,38d15lN,85d46lW, United States
878,Charleston,38d21lN,81d38lW, United States
879,Sacramento,38d33lN,121d28lW, United States
880,St. Louis,38d38lN,90d12lW, United States
881,Washington,38d54lN,77d02lW, United States
882,Cincinnati,39d06lN,84d31lW, United States
883,Kansas City,39d06lN,94d35lW, United States
884,Dover,39d10lN,75d32lW, United States
885,Baltimore,39d17lN,76d37lW, United States
886,Reno,39d32lN,119d49lW, United States
887,Denver,39d44lN,104d59lW, United States
888,Indianapolis,39d46lN,86d09lW, United States
889,Forked River,39d48lN,74d06lW, United States
890,Philadelphia,39d57lN,75d10lW, United States
891,Columbus,39d59lN,82d59lW, United States
892,Boulder,40d01lN,105d17lW, United States
893,Trenton,40d13lN,74d46lW, United States
894,Pittsburgh,40d27lN,80d00lW, United States
895,New York City,40d40lN,73d56lW, United States
896,Jersey City,40d43lN,74d04lW, United States
897,Salt Lake City,40d45lN,111d53lW, United States
898,Lincoln,40d49lN,96d41lW, United States
899,Fort Wayne,41d05lN,85d08lW, United States
900,Cheyenne,41d09lN,104d48lW, United States
901,Cleveland,41d29lN,81d40lW, United States
902,Des Moines,41d35lN,93d37lW, United States
903,Hartford,41d46lN,72d40lW, United States
904,Providence,41d49lN,71d25lW, United States
905,Chicago,41d53lN,87d38lW, United States
906,Detroit,42d20lN,83d03lW, United States
907,Boston,42d21lN,71d04lW, United States
908,Buffalo,42d54lN,78d51lW, United States
909,Milwaukee,43d03lN,87d57lW, United States
910,Rochester,43d10lN,77d37lW, United States
911,Concord,43d12lN,71d32lW, United States
912,Boise,43d37lN,116d12lW, United States
913,Montpelier,44d15lN,72d34lW, United States
914,Augusta,44d19lN,69d47lW, United States
915,Pierre,44d22lN,100d20lW, United States
916,Minneapolis,44d59lN,93d16lW, United States
917,Portland,45d31lN,122d41lW, United States
918,Helena,46d36lN,112d02lW, United States
919,Bismarck,46d49lN,100d47lW, United States
920,Seattle,47d37lN,122d20lW, United States
921,Adak,51d53lN,176d39lW, United States
922,Sitka,57d03lN,135d20lW, United States
923,Juneau,58d18lN,134d25lW, United States
924,Anchorage,61d13lN,149d54lW, United States
925,Fairbanks,64d51lN,147d43lW, United States
926,Deadhorse,70d12lN,148d31lW, United States
927,Barrow,71d18lN,156d46lW, United States
928,Montevideo,34d53lS,56d11lW, Uruguay
929,Namangan,41d00lN,71d40lE, Uzbekistan
930,Tashkent,41d16lN,69d13lE, Uzbekistan
931,Nukus,42d28lN,59d36lE, Uzbekistan
932,Port Vila,17d45lS,168d18lE, Vanuatu
933,Vatican City,41d54lN,12d27lE, Vatican City
934,Maracay,10d15lN,67d36lW, Venezuela
935,Caracas,10d30lN,66d55lW, Venezuela
936,Maracaibo,10d39lN,71d38lW, Venezuela
937,Puerto Ayacucho,5d40lN,67d38lW, Venezuela
938,Ciudad Bolívar,8d07lN,63d33lW, Venezuela
939,Ho Chi Minh City,10d46lN,106d41lE, Vietnam
940,Da Nang,16d04lN,108d14lE, Vietnam
941,Huế,16d28lN,107d35lE, Vietnam
942,Hai Phong,20d51lN,106d41lE, Vietnam
943,Hanoi,21d02lN,105d51lE, Vietnam
944,Sana'a,15d21lN,44d12lE, Yemen
945,Ndola,12d58lS,28d38lE, Zambia
946,Lusaka,15d25lS,28d17lE, Zambia
947,Livingstone,17d51lS,25d52lE, Zambia
948,Harare,17d52lS,31d02lE, Zimbabwe
949,Mutare,18d58lS,32d38lE, Zimbabwe
950,Gweru,19d27lS,29d48lE, Zimbabwe
951,Bulawayo,20d10lS,28d35lE, Zimbabwe
